{
	"info": {
		"_postman_id": "61d2974c-7a6a-4785-9715-ce3fbfb60ee5",
		"name": "TestAPI",
		"schema": "https://schema.getpostman.com/json/collection/v2.1.0/collection.json"
	},
	"item": [
		{
			"name": "Sample endpoint: Returns details about a particular user",
			"event": [
				{
					"listen": "test",
					"script": {
						"exec": [
							""
						],
						"type": "text/javascript"
					}
				}
			],
			"request": {
				"auth": {
					"type": "apikey",
					"apikey": [
						{
							"key": "in",
							"value": "header",
							"type": "string"
						}
					]
				},
				"method": "GET",
				"header": [],
				"url": {
					"raw": "{{baseUrl}}/user?id=42298404",
					"host": [
						"{{baseUrl}}"
					],
					"path": [
						"user"
					],
					"query": [
						{
							"key": "id",
							"value": "42298404",
							"description": "(Required) ID of the user"
						}
					]
				}
			},
			"response": [
				{
					"name": "Sample response: Details about a user by ID",
					"originalRequest": {
						"method": "GET",
						"header": [],
						"url": {
							"raw": "{{baseUrl}}/user?id=42298404",
							"host": [
								"{{baseUrl}}"
							],
							"path": [
								"user"
							],
							"query": [
								{
									"key": "id",
									"value": "42298404"
								}
							]
						}
					},
					"status": "OK",
					"code": 200,
					"_postman_previewlanguage": "json",
					"header": [
						{
							"key": "x-next",
							"value": "Duis pariatur",
							"description": "A link to the next page of responses"
						},
						{
							"key": "Content-Type",
							"value": "application/json"
						}
					],
					"cookie": [],
					"body": "{\n \"id\": -71223720,\n \"name\": \"cupidatat cillum amet nulla veniam\",\n \"tag\": \"Lorem ut\"\n}"
				},
				{
					"name": "Unexpected error",
					"originalRequest": {
						"method": "GET",
						"header": [],
						"url": {
							"raw": "{{baseUrl}}/user?id=42298404",
							"host": [
								"{{baseUrl}}"
							],
							"path": [
								"user"
							],
							"query": [
								{
									"key": "id",
									"value": "42298404"
								}
							]
						}
					},
					"status": "Internal Server Error",
					"code": 500,
					"_postman_previewlanguage": "json",
					"header": [
						{
							"key": "Content-Type",
							"value": "application/json"
						}
					],
					"cookie": [],
					"body": "{\n \"code\": -34850896,\n \"message\": \"cupidatat\"\n}"
				}
			]
		},
		{
			"name": "Get All Books",
			"event": [
				{
					"listen": "test",
					"script": {
						"exec": [
							"pm.test(\"Status code is 200\", function () {\r",
							"    pm.response.to.have.status(200);\r",
							"});\r",
							"\r",
							"pm.test(\"check length\", function () {\r",
							"    var jsonData = pm.response.json();\r",
							"    pm.expect(jsonData['books'].length).to.eql(2);\r",
							"});\r",
							""
						],
						"type": "text/javascript"
					}
				}
			],
			"request": {
				"method": "GET",
				"header": [],
				"url": {
					"raw": "{{baseUrl}}/book/",
					"host": [
						"{{baseUrl}}"
					],
					"path": [
						"book",
						""
					]
				}
			},
			"response": [
				{
					"name": "Get All Books",
					"originalRequest": {
						"method": "GET",
						"header": [],
						"url": {
							"raw": "{{baseUrl}}/book/",
							"host": [
								"{{baseUrl}}"
							],
							"path": [
								"book",
								""
							]
						}
					},
					"status": "OK",
					"code": 200,
					"_postman_previewlanguage": "json",
					"header": [
						{
							"key": "Content-Type",
							"value": "application/json"
						},
						{
							"key": "Content-Length",
							"value": "108"
						},
						{
							"key": "Server",
							"value": "Werkzeug/1.0.1 Python/3.7.1"
						},
						{
							"key": "Date",
							"value": "Tue, 13 Apr 2021 16:53:51 GMT"
						}
					],
					"cookie": [],
					"body": "{\n    \"books\": [\n        {\n            \"id\": \"10180913\",\n            \"title\": \"Campbell Biology\"\n        },\n        {\n            \"id\": \"9105509\",\n            \"title\": \"Principles of Chemistry\"\n        }\n    ]\n}"
				}
			]
		},
		{
			"name": "Get Book by ID",
			"event": [
				{
					"listen": "test",
					"script": {
						"exec": [
							"pm.test(\"Status code is 200\", function () {\r",
							"    pm.response.to.have.status(200);\r",
							"});\r",
							"\r",
							"pm.test(\"Your test name\", function () {\r",
							"    var jsonData = pm.response.json();\r",
							"    pm.expect(jsonData['id']).to.eql(\"10180913\");\r",
							"});\r",
							"\r",
							"// let books = [\"10180913\", \"9105509\"];\r",
							"// console.log(books)\r",
							"\r",
							"// const book = books.pop();\r",
							"// console.log(book)\r",
							"// if(book){\r",
							"//     postman.setNextRequest(\"http://localhost:5000/book/\" + book)\r",
							"// }\r",
							""
						],
						"type": "text/javascript"
					}
				},
				{
					"listen": "prerequest",
					"script": {
						"exec": [
							""
						],
						"type": "text/javascript"
					}
				}
			],
			"request": {
				"method": "GET",
				"header": [],
				"url": {
					"raw": "{{baseUrl}}/book/:book_id",
					"host": [
						"{{baseUrl}}"
					],
					"path": [
						"book",
						":book_id"
					],
					"variable": [
						{
							"key": "book_id",
							"value": "10180913"
						}
					]
				}
			},
			"response": [
				{
					"name": "Get Book by ID",
					"originalRequest": {
						"method": "GET",
						"header": [],
						"url": {
							"raw": "{{baseUrl}}/book/:book_id",
							"host": [
								"{{baseUrl}}"
							],
							"path": [
								"book",
								":book_id"
							],
							"variable": [
								{
									"key": "book_id",
									"value": "10180913"
								}
							]
						}
					},
					"status": "OK",
					"code": 200,
					"_postman_previewlanguage": "json",
					"header": [
						{
							"key": "Content-Type",
							"value": "application/json"
						},
						{
							"key": "Content-Length",
							"value": "45"
						},
						{
							"key": "Server",
							"value": "Werkzeug/1.0.1 Python/3.7.1"
						},
						{
							"key": "Date",
							"value": "Tue, 13 Apr 2021 15:19:46 GMT"
						}
					],
					"cookie": [],
					"body": "{\n    \"id\": \"10180913\",\n    \"title\": \"Campbell Biology\"\n}"
				}
			]
		},
		{
			"name": "Get All Users",
			"event": [
				{
					"listen": "test",
					"script": {
						"exec": [
							"pm.test(\"Status code is 200\", function () {\r",
							"    pm.response.to.have.status(200);\r",
							"});\r",
							""
						],
						"type": "text/javascript"
					}
				}
			],
			"request": {
				"method": "GET",
				"header": [],
				"url": {
					"raw": "{{baseUrl}}/users",
					"host": [
						"{{baseUrl}}"
					],
					"path": [
						"users"
					]
				}
			},
			"response": [
				{
					"name": "Get All Users",
					"originalRequest": {
						"method": "GET",
						"header": [],
						"url": {
							"raw": "{{baseUrl}}/users",
							"host": [
								"{{baseUrl}}"
							],
							"path": [
								"users"
							]
						}
					},
					"status": "OK",
					"code": 200,
					"_postman_previewlanguage": "json",
					"header": [
						{
							"key": "Content-Type",
							"value": "application/json"
						},
						{
							"key": "Content-Length",
							"value": "13"
						},
						{
							"key": "Server",
							"value": "Werkzeug/1.0.1 Python/3.7.1"
						},
						{
							"key": "Date",
							"value": "Mon, 12 Apr 2021 07:24:26 GMT"
						}
					],
					"cookie": [],
					"body": "{\n    \"users\": []\n}"
				}
			]
		},
		{
			"name": "Add User",
			"event": [
				{
					"listen": "test",
					"script": {
						"exec": [
							"pm.test(\"Successful POST request\", function () {\r",
							"    pm.expect(pm.response.code).to.be.oneOf([200, 201, 202, 403]);\r",
							"});"
						],
						"type": "text/javascript"
					}
				}
			],
			"request": {
				"method": "POST",
				"header": [],
				"body": {
					"mode": "raw",
					"raw": "{\r\n    \"eid\" : \"rz5292\",\r\n    \"name\" : \"Roger Zhong\", \r\n    \"email\": \"roger.z@utexas.edu\" \r\n}",
					"options": {
						"raw": {
							"language": "json"
						}
					}
				},
				"url": {
					"raw": "{{baseUrl}}/users/add",
					"host": [
						"{{baseUrl}}"
					],
					"path": [
						"users",
						"add"
					]
				}
			},
			"response": []
		},
		{
			"name": "External Books",
			"event": [
				{
					"listen": "test",
					"script": {
						"exec": [
							"pm.test(\"Status code is 200\", function () {\r",
							"    pm.response.to.have.status(200);\r",
							"});\r",
							"\r",
							"\r",
							"pm.test(\"Response time is less than 500ms\", function () {\r",
							"    pm.expect(pm.response.responseTime).to.be.below(500);\r",
							"});\r",
							""
						],
						"type": "text/javascript"
					}
				}
			],
			"request": {
				"method": "GET",
				"header": [
					{
						"key": "Content-Type",
						"value": "application/json",
						"type": "text"
					}
				],
				"url": {
					"raw": "https://openlibrary.org/works/OL20439524W.json",
					"protocol": "https",
					"host": [
						"openlibrary",
						"org"
					],
					"path": [
						"works",
						"OL20439524W.json"
					]
				}
			},
			"response": [
				{
					"name": "External Books",
					"originalRequest": {
						"method": "GET",
						"header": [],
						"url": {
							"raw": "https://openlibrary.org/works/OL20439524W.json",
							"protocol": "https",
							"host": [
								"openlibrary",
								"org"
							],
							"path": [
								"works",
								"OL20439524W.json"
							]
						}
					},
					"status": "OK",
					"code": 200,
					"_postman_previewlanguage": "json",
					"header": [
						{
							"key": "Server",
							"value": "nginx/1.18.0 (Ubuntu)"
						},
						{
							"key": "Date",
							"value": "Mon, 12 Apr 2021 07:28:09 GMT"
						},
						{
							"key": "Content-Type",
							"value": "application/json"
						},
						{
							"key": "Transfer-Encoding",
							"value": "chunked"
						},
						{
							"key": "Connection",
							"value": "keep-alive"
						},
						{
							"key": "Access-Control-Allow-Origin",
							"value": "*"
						},
						{
							"key": "Access-Control-Allow-Method",
							"value": "GET, OPTIONS"
						},
						{
							"key": "Access-Control-Max-Age",
							"value": "86400"
						},
						{
							"key": "X-OL-Stats",
							"value": "\"MC 2 0.001 TT 0 0.003\""
						},
						{
							"key": "Referrer-Policy",
							"value": "no-referrer-when-downgrade"
						}
					],
					"cookie": [],
					"body": "{\n    \"title\": \"Principles of Chemistry\",\n    \"created\": {\n        \"type\": \"/type/datetime\",\n        \"value\": \"2019-11-09T22:24:46.036134\"\n    },\n    \"covers\": [\n        9105509\n    ],\n    \"last_modified\": {\n        \"type\": \"/type/datetime\",\n        \"value\": \"2019-11-09T22:24:46.036134\"\n    },\n    \"latest_revision\": 1,\n    \"key\": \"/works/OL20439524W\",\n    \"authors\": [\n        {\n            \"type\": {\n                \"key\": \"/type/author_role\"\n            },\n            \"author\": {\n                \"key\": \"/authors/OL7747812A\"\n            }\n        }\n    ],\n    \"type\": {\n        \"key\": \"/type/work\"\n    },\n    \"revision\": 1\n}"
				}
			]
		},
		{
			"name": "Weather",
			"event": [
				{
					"listen": "test",
					"script": {
						"exec": [
							"pm.test(\"Status code is 200\", function () {\r",
							"    pm.response.to.have.status(200);\r",
							"});\r",
							"\r",
							"var schema = {\r",
							"    \"$schema\": \"http://json-schema.org/draft-07/schema\",\r",
							"    \"$id\": \"http://example.com/example.json\",\r",
							"    \"required\": [\r",
							"        \"coord\",\r",
							"        \"weather\",\r",
							"        \"base\",\r",
							"        \"main\",\r",
							"        \"visibility\",\r",
							"        \"wind\",\r",
							"        \"clouds\",\r",
							"        \"dt\",\r",
							"        \"sys\",\r",
							"        \"timezone\",\r",
							"        \"id\",\r",
							"        \"name\",\r",
							"        \"cod\"\r",
							"    ],\r",
							"    \"properties\": {\r",
							"        \"coord\": {\r",
							"            \"$id\": \"#/properties/coord\",\r",
							"            \"required\": [\r",
							"                \"lon\",\r",
							"                \"lat\"\r",
							"            ],\r",
							"            \"properties\": {\r",
							"                \"lon\": {\r",
							"                    \"$id\": \"#/properties/coord/properties/lon\"\r",
							"                },\r",
							"                \"lat\": {\r",
							"                    \"$id\": \"#/properties/coord/properties/lat\"\r",
							"                }\r",
							"            }\r",
							"        },\r",
							"        \"weather\": {\r",
							"            \"$id\": \"#/properties/weather\",\r",
							"            \"items\": {\r",
							"                \"$id\": \"#/properties/weather/items\",\r",
							"                \"anyOf\": [\r",
							"                    {\r",
							"                        \"$id\": \"#/properties/weather/items/anyOf/0\",\r",
							"                        \"required\": [\r",
							"                            \"id\",\r",
							"                            \"main\",\r",
							"                            \"description\",\r",
							"                            \"icon\"\r",
							"                        ],\r",
							"                        \"properties\": {\r",
							"                            \"id\": {\r",
							"                                \"$id\": \"#/properties/weather/items/anyOf/0/properties/id\"\r",
							"                            },\r",
							"                            \"main\": {\r",
							"                                \"$id\": \"#/properties/weather/items/anyOf/0/properties/main\"\r",
							"                            },\r",
							"                            \"description\": {\r",
							"                                \"$id\": \"#/properties/weather/items/anyOf/0/properties/description\"\r",
							"                            },\r",
							"                            \"icon\": {\r",
							"                                \"$id\": \"#/properties/weather/items/anyOf/0/properties/icon\"\r",
							"                            }\r",
							"                        }\r",
							"                    }\r",
							"                ]\r",
							"            }\r",
							"        },\r",
							"        \"base\": {\r",
							"            \"$id\": \"#/properties/base\"\r",
							"        },\r",
							"        \"main\": {\r",
							"            \"$id\": \"#/properties/main\",\r",
							"            \"required\": [\r",
							"                \"temp\",\r",
							"                \"feels_like\",\r",
							"                \"temp_min\",\r",
							"                \"temp_max\",\r",
							"                \"pressure\",\r",
							"                \"humidity\"\r",
							"            ],\r",
							"            \"properties\": {\r",
							"                \"temp\": {\r",
							"                    \"$id\": \"#/properties/main/properties/temp\"\r",
							"                },\r",
							"                \"feels_like\": {\r",
							"                    \"$id\": \"#/properties/main/properties/feels_like\"\r",
							"                },\r",
							"                \"temp_min\": {\r",
							"                    \"$id\": \"#/properties/main/properties/temp_min\"\r",
							"                },\r",
							"                \"temp_max\": {\r",
							"                    \"$id\": \"#/properties/main/properties/temp_max\"\r",
							"                },\r",
							"                \"pressure\": {\r",
							"                    \"$id\": \"#/properties/main/properties/pressure\"\r",
							"                },\r",
							"                \"humidity\": {\r",
							"                    \"$id\": \"#/properties/main/properties/humidity\"\r",
							"                }\r",
							"            }\r",
							"        },\r",
							"        \"visibility\": {\r",
							"            \"$id\": \"#/properties/visibility\"\r",
							"        },\r",
							"        \"wind\": {\r",
							"            \"$id\": \"#/properties/wind\",\r",
							"            \"required\": [\r",
							"                \"speed\",\r",
							"                \"deg\"\r",
							"            ],\r",
							"            \"properties\": {\r",
							"                \"speed\": {\r",
							"                    \"$id\": \"#/properties/wind/properties/speed\"\r",
							"                },\r",
							"                \"deg\": {\r",
							"                    \"$id\": \"#/properties/wind/properties/deg\"\r",
							"                }\r",
							"            }\r",
							"        },\r",
							"        \"clouds\": {\r",
							"            \"$id\": \"#/properties/clouds\",\r",
							"            \"required\": [\r",
							"                \"all\"\r",
							"            ],\r",
							"            \"properties\": {\r",
							"                \"all\": {\r",
							"                    \"$id\": \"#/properties/clouds/properties/all\"\r",
							"                }\r",
							"            }\r",
							"        },\r",
							"        \"dt\": {\r",
							"            \"$id\": \"#/properties/dt\"\r",
							"        },\r",
							"        \"sys\": {\r",
							"            \"$id\": \"#/properties/sys\",\r",
							"            \"required\": [\r",
							"                \"type\",\r",
							"                \"id\",\r",
							"                \"country\",\r",
							"                \"sunrise\",\r",
							"                \"sunset\"\r",
							"            ],\r",
							"            \"properties\": {\r",
							"                \"type\": {\r",
							"                    \"$id\": \"#/properties/sys/properties/type\"\r",
							"                },\r",
							"                \"id\": {\r",
							"                    \"$id\": \"#/properties/sys/properties/id\"\r",
							"                },\r",
							"                \"country\": {\r",
							"                    \"$id\": \"#/properties/sys/properties/country\"\r",
							"                },\r",
							"                \"sunrise\": {\r",
							"                    \"$id\": \"#/properties/sys/properties/sunrise\"\r",
							"                },\r",
							"                \"sunset\": {\r",
							"                    \"$id\": \"#/properties/sys/properties/sunset\"\r",
							"                }\r",
							"            }\r",
							"        },\r",
							"        \"timezone\": {\r",
							"            \"$id\": \"#/properties/timezone\"\r",
							"        },\r",
							"        \"id\": {\r",
							"            \"$id\": \"#/properties/id\"\r",
							"        },\r",
							"        \"name\": {\r",
							"            \"$id\": \"#/properties/name\"\r",
							"        },\r",
							"        \"cod\": {\r",
							"            \"$id\": \"#/properties/cod\"\r",
							"        }\r",
							"    }\r",
							"}\r",
							"\r",
							"pm.test('Schema is valid', function () {\r",
							"    pm.response.to.have.jsonSchema(schema)\r",
							"});"
						],
						"type": "text/javascript"
					}
				}
			],
			"request": {
				"auth": {
					"type": "apikey",
					"apikey": [
						{
							"key": "in",
							"value": "query",
							"type": "string"
						},
						{
							"key": "key",
							"value": "APPID",
							"type": "string"
						},
						{
							"key": "value",
							"value": "916c8c779075ae9a64de14212e3f9717",
							"type": "string"
						}
					]
				},
				"method": "GET",
				"header": [],
				"url": {
					"raw": "api.openweathermap.org/data/2.5/weather?q=Austin,usa",
					"host": [
						"api",
						"openweathermap",
						"org"
					],
					"path": [
						"data",
						"2.5",
						"weather"
					],
					"query": [
						{
							"key": "q",
							"value": "Austin,usa"
						}
					]
				}
			},
			"response": [
				{
					"name": "Weather",
					"originalRequest": {
						"method": "GET",
						"header": [],
						"url": {
							"raw": "api.openweathermap.org/data/2.5/weather?q=Austin,usa",
							"host": [
								"api",
								"openweathermap",
								"org"
							],
							"path": [
								"data",
								"2.5",
								"weather"
							],
							"query": [
								{
									"key": "q",
									"value": "Austin,usa"
								}
							]
						}
					},
					"status": "OK",
					"code": 200,
					"_postman_previewlanguage": "json",
					"header": [
						{
							"key": "Server",
							"value": "openresty"
						},
						{
							"key": "Date",
							"value": "Tue, 13 Apr 2021 07:57:57 GMT"
						},
						{
							"key": "Content-Type",
							"value": "application/json; charset=utf-8"
						},
						{
							"key": "Content-Length",
							"value": "489"
						},
						{
							"key": "Connection",
							"value": "keep-alive"
						},
						{
							"key": "X-Cache-Key",
							"value": "/data/2.5/weather?APPID=916c8c779075ae9a64de14212e3f9717&q=austin,usa"
						},
						{
							"key": "Access-Control-Allow-Origin",
							"value": "*"
						},
						{
							"key": "Access-Control-Allow-Credentials",
							"value": "true"
						},
						{
							"key": "Access-Control-Allow-Methods",
							"value": "GET, POST"
						}
					],
					"cookie": [],
					"body": "{\n    \"coord\": {\n        \"lon\": -97.7431,\n        \"lat\": 30.2672\n    },\n    \"weather\": [\n        {\n            \"id\": 804,\n            \"main\": \"Clouds\",\n            \"description\": \"overcast clouds\",\n            \"icon\": \"04n\"\n        }\n    ],\n    \"base\": \"stations\",\n    \"main\": {\n        \"temp\": 295.66,\n        \"feels_like\": 296.26,\n        \"temp_min\": 294.82,\n        \"temp_max\": 296.48,\n        \"pressure\": 1012,\n        \"humidity\": 88\n    },\n    \"visibility\": 10000,\n    \"wind\": {\n        \"speed\": 1.23,\n        \"deg\": 42,\n        \"gust\": 3.23\n    },\n    \"clouds\": {\n        \"all\": 90\n    },\n    \"dt\": 1618300106,\n    \"sys\": {\n        \"type\": 1,\n        \"id\": 3355,\n        \"country\": \"US\",\n        \"sunrise\": 1618315531,\n        \"sunset\": 1618361810\n    },\n    \"timezone\": -18000,\n    \"id\": 4671654,\n    \"name\": \"Austin\",\n    \"cod\": 200\n}"
				}
			]
		},
		{
			"name": "Weather Map",
			"event": [
				{
					"listen": "test",
					"script": {
						"exec": [
							"pm.test(\"Status code is 200\", function () {\r",
							"    pm.response.to.have.status(200);\r",
							"});"
						],
						"type": "text/javascript"
					}
				}
			],
			"request": {
				"auth": {
					"type": "apikey",
					"apikey": [
						{
							"key": "value",
							"value": "916c8c779075ae9a64de14212e3f9717",
							"type": "string"
						},
						{
							"key": "in",
							"value": "query",
							"type": "string"
						},
						{
							"key": "key",
							"value": "APPID",
							"type": "string"
						}
					]
				},
				"method": "GET",
				"header": [],
				"url": {
					"raw": "https://tile.openweathermap.org/map/:layer/:z/:x/:y",
					"protocol": "https",
					"host": [
						"tile",
						"openweathermap",
						"org"
					],
					"path": [
						"map",
						":layer",
						":z",
						":x",
						":y"
					],
					"variable": [
						{
							"key": "layer",
							"value": "temp_new"
						},
						{
							"key": "z",
							"value": "1"
						},
						{
							"key": "x",
							"value": "1"
						},
						{
							"key": "y",
							"value": "1"
						}
					]
				}
			},
			"response": []
		}
	],
	"event": [
		{
			"listen": "prerequest",
			"script": {
				"type": "text/javascript",
				"exec": [
					""
				]
			}
		},
		{
			"listen": "test",
			"script": {
				"type": "text/javascript",
				"exec": [
					""
				]
			}
		}
	],
	"variable": [
		{
			"key": "baseUrl",
			"value": "http://localhost:3000"
		}
	]
}